"id","scheduledAt","platforms","title","asset","destinationUrl","approvalStatus"
"photoview-launch-01","2026-08-17T14:00:00.000Z","Instagram|Facebook|LinkedIn|Pinterest","A feed forgets your photographs.","creative/01-feed-forgets.jpg","https://photoview.io/?utm_source=organic_social&utm_medium=social&utm_campaign=photoview_30_day_launch&utm_content=feed-forgets","DRAFT_FOR_APPROVAL"
"photoview-launch-02","2026-08-18T14:00:00.000Z","Instagram|Facebook|LinkedIn|Pinterest","Your best work deserves more than 24 hours.","creative/02-best-work.jpg","https://photoview.io/?utm_source=organic_social&utm_medium=social&utm_campaign=photoview_30_day_launch&utm_content=best-work","DRAFT_FOR_APPROVAL"
"photoview-launch-03","2026-08-19T14:00:00.000Z","Instagram|Facebook|LinkedIn|Pinterest","Stop renting your visual identity.","creative/03-identity.jpg","https://photoview.io/?utm_source=organic_social&utm_medium=social&utm_campaign=photoview_30_day_launch&utm_content=identity","DRAFT_FOR_APPROVAL"
"photoview-launch-04","2026-08-20T14:00:00.000Z","Instagram|Facebook|LinkedIn|Pinterest","Likes are a reaction. A portfolio is a body of work.","creative/04-body-of-work.jpg","https://photoview.io/?utm_source=organic_social&utm_medium=social&utm_campaign=photoview_30_day_launch&utm_content=body-of-work","DRAFT_FOR_APPROVAL"
"photoview-launch-05","2026-08-21T14:00:00.000Z","Instagram|Facebook|LinkedIn|Pinterest","What happens after the post disappears?","creative/05-after-the-post.jpg","https://photoview.io/?utm_source=organic_social&utm_medium=social&utm_campaign=photoview_30_day_launch&utm_content=after-the-post","DRAFT_FOR_APPROVAL"
"photoview-launch-06","2026-08-22T14:00:00.000Z","Instagram|Facebook|LinkedIn|Pinterest","Lightroom to live portfolio.","creative/06-lightroom-live.jpg","https://photoview.io/solutions/lightroom-portfolio-website?utm_source=organic_social&utm_medium=social&utm_campaign=photoview_30_day_launch&utm_content=lightroom-live","DRAFT_FOR_APPROVAL"
"photoview-launch-07","2026-08-23T14:00:00.000Z","Instagram|Facebook|LinkedIn|Pinterest","Your export folder is not a portfolio.","creative/07-export-folder.jpg","https://photoview.io/solutions/lightroom-portfolio-website?utm_source=organic_social&utm_medium=social&utm_campaign=photoview_30_day_launch&utm_content=export-folder","DRAFT_FOR_APPROVAL"
"photoview-launch-08","2026-08-24T14:00:00.000Z","Instagram|Facebook|LinkedIn|Pinterest","Publish where you already edit.","creative/08-publish-from-lightroom.jpg","https://photoview.io/solutions/lightroom-portfolio-website?utm_source=organic_social&utm_medium=social&utm_campaign=photoview_30_day_launch&utm_content=publish-from-lightroom","DRAFT_FOR_APPROVAL"
"photoview-launch-09","2026-08-25T14:00:00.000Z","Instagram|Facebook|LinkedIn|Pinterest","One less upload loop.","creative/09-upload-loop.jpg","https://photoview.io/solutions/lightroom-portfolio-website?utm_source=organic_social&utm_medium=social&utm_campaign=photoview_30_day_launch&utm_content=upload-loop","DRAFT_FOR_APPROVAL"
"photoview-launch-10","2026-08-26T14:00:00.000Z","Instagram|Facebook|LinkedIn|Pinterest","Fresh work should not mean rebuilding galleries.","creative/10-fresh-work.jpg","https://photoview.io/solutions/lightroom-portfolio-website?utm_source=organic_social&utm_medium=social&utm_campaign=photoview_30_day_launch&utm_content=fresh-work","DRAFT_FOR_APPROVAL"
"photoview-launch-11","2026-08-27T14:00:00.000Z","Instagram|Facebook|LinkedIn|Pinterest","One portfolio. Every destination.","creative/11-every-destination.jpg","https://photoview.io/solutions/embed-photography-portfolio?utm_source=organic_social&utm_medium=social&utm_campaign=photoview_30_day_launch&utm_content=every-destination","DRAFT_FOR_APPROVAL"
"photoview-launch-12","2026-08-28T14:00:00.000Z","Instagram|Facebook|LinkedIn|Pinterest","Keep your website. Upgrade the gallery.","creative/12-upgrade-gallery.jpg","https://photoview.io/solutions/embed-photography-portfolio?utm_source=organic_social&utm_medium=social&utm_campaign=photoview_30_day_launch&utm_content=upgrade-gallery","DRAFT_FOR_APPROVAL"
"photoview-launch-13","2026-08-29T14:00:00.000Z","Instagram|Facebook|LinkedIn|Pinterest","Curate once. Publish everywhere.","creative/13-curate-once.jpg","https://photoview.io/solutions/embed-photography-portfolio?utm_source=organic_social&utm_medium=social&utm_campaign=photoview_30_day_launch&utm_content=curate-once","DRAFT_FOR_APPROVAL"
"photoview-launch-14","2026-08-30T14:00:00.000Z","Instagram|Facebook|LinkedIn|Pinterest","Your gallery should travel better than a JPEG folder.","creative/14-gallery-travels.jpg","https://photoview.io/solutions/embed-photography-portfolio?utm_source=organic_social&utm_medium=social&utm_campaign=photoview_30_day_launch&utm_content=gallery-travels","DRAFT_FOR_APPROVAL"
"photoview-launch-15","2026-08-31T14:00:00.000Z","Instagram|Facebook|LinkedIn|Pinterest","A clean link changes the conversation.","creative/15-clean-link.jpg","https://photoview.io/solutions/embed-photography-portfolio?utm_source=organic_social&utm_medium=social&utm_campaign=photoview_30_day_launch&utm_content=clean-link","DRAFT_FOR_APPROVAL"
"photoview-launch-16","2026-09-01T14:00:00.000Z","Instagram|Facebook|LinkedIn|Pinterest","Still photographs can move.","creative/16-photo-video.jpg","https://photoview.io/solutions/photography-portfolio-with-video?utm_source=organic_social&utm_medium=social&utm_campaign=photoview_30_day_launch&utm_content=photo-video","DRAFT_FOR_APPROVAL"
"photoview-launch-17","2026-09-02T14:00:00.000Z","Instagram|Facebook|LinkedIn|Pinterest","Motion belongs beside the photograph.","creative/17-motion-beside.jpg","https://photoview.io/solutions/photography-portfolio-with-video?utm_source=organic_social&utm_medium=social&utm_campaign=photoview_30_day_launch&utm_content=motion-beside","DRAFT_FOR_APPROVAL"
"photoview-launch-18","2026-09-03T14:00:00.000Z","Instagram|Facebook|LinkedIn|Pinterest","No channel branding. Just your work.","creative/18-no-branding.jpg","https://photoview.io/solutions/photography-portfolio-with-video?utm_source=organic_social&utm_medium=social&utm_campaign=photoview_30_day_launch&utm_content=no-branding","DRAFT_FOR_APPROVAL"
"photoview-launch-19","2026-09-04T14:00:00.000Z","Instagram|Facebook|LinkedIn|Pinterest","Your portfolio is an edit, not an archive.","creative/19-portfolio-edit.jpg","https://photoview.io/?utm_source=organic_social&utm_medium=social&utm_campaign=photoview_30_day_launch&utm_content=portfolio-edit","DRAFT_FOR_APPROVAL"
"photoview-launch-20","2026-09-05T14:00:00.000Z","Instagram|Facebook|LinkedIn|Pinterest","More photographs do not make a stronger portfolio.","creative/20-better-choices.jpg","https://photoview.io/?utm_source=organic_social&utm_medium=social&utm_campaign=photoview_30_day_launch&utm_content=better-choices","DRAFT_FOR_APPROVAL"
"photoview-launch-21","2026-09-06T14:00:00.000Z","Instagram|Facebook|LinkedIn|Pinterest","Lead with the frame they remember.","creative/21-first-frame.jpg","https://photoview.io/?utm_source=organic_social&utm_medium=social&utm_campaign=photoview_30_day_launch&utm_content=first-frame","DRAFT_FOR_APPROVAL"
"photoview-launch-22","2026-09-07T14:00:00.000Z","Instagram|Facebook|LinkedIn|Pinterest","Hide the almost-great photographs.","creative/22-almost-great.jpg","https://photoview.io/?utm_source=organic_social&utm_medium=social&utm_campaign=photoview_30_day_launch&utm_content=almost-great","DRAFT_FOR_APPROVAL"
"photoview-launch-23","2026-09-08T14:00:00.000Z","Instagram|Facebook|LinkedIn|Pinterest","Desktop drama. Mobile clarity.","creative/23-responsive.jpg","https://photoview.io/?utm_source=organic_social&utm_medium=social&utm_campaign=photoview_30_day_launch&utm_content=responsive","DRAFT_FOR_APPROVAL"
"photoview-launch-24","2026-09-09T14:00:00.000Z","Instagram|Facebook|LinkedIn|Pinterest","A beautiful website should not require a beautiful budget.","creative/24-affordable.jpg","https://photoview.io/?utm_source=organic_social&utm_medium=social&utm_campaign=photoview_30_day_launch&utm_content=affordable","DRAFT_FOR_APPROVAL"
"photoview-launch-25","2026-09-10T14:00:00.000Z","Instagram|Facebook|LinkedIn|Pinterest","Thirty templates. One point of view: yours.","creative/25-templates.jpg","https://photoview.io/?utm_source=organic_social&utm_medium=social&utm_campaign=photoview_30_day_launch&utm_content=templates","DRAFT_FOR_APPROVAL"
"photoview-launch-26","2026-09-11T14:00:00.000Z","Instagram|Facebook|LinkedIn|Pinterest","Your next client may arrive on a phone.","creative/26-mobile-client.jpg","https://photoview.io/?utm_source=organic_social&utm_medium=social&utm_campaign=photoview_30_day_launch&utm_content=mobile-client","DRAFT_FOR_APPROVAL"
"photoview-launch-27","2026-09-12T14:00:00.000Z","Instagram|Facebook|LinkedIn|Pinterest","From camera roll to curated portfolio.","creative/27-phone-import.jpg","https://photoview.io/?utm_source=organic_social&utm_medium=social&utm_campaign=photoview_30_day_launch&utm_content=phone-import","DRAFT_FOR_APPROVAL"
"photoview-launch-28","2026-09-13T14:00:00.000Z","Instagram|Facebook|LinkedIn|Pinterest","A destination makes sharing intentional.","creative/28-intentional-sharing.jpg","https://photoview.io/?utm_source=organic_social&utm_medium=social&utm_campaign=photoview_30_day_launch&utm_content=intentional-sharing","DRAFT_FOR_APPROVAL"
"photoview-launch-29","2026-09-14T14:00:00.000Z","Instagram|Facebook|LinkedIn|Pinterest","The photograph is finished. Is the presentation?","creative/29-presentation.jpg","https://photoview.io/?utm_source=organic_social&utm_medium=social&utm_campaign=photoview_30_day_launch&utm_content=presentation","DRAFT_FOR_APPROVAL"
"photoview-launch-30","2026-09-15T14:00:00.000Z","Instagram|Facebook|LinkedIn|Pinterest","Put your finished work somewhere worth visiting.","creative/30-worth-visiting.jpg","https://photoview.io/?utm_source=organic_social&utm_medium=social&utm_campaign=photoview_30_day_launch&utm_content=worth-visiting","DRAFT_FOR_APPROVAL"
